SampleID,T2.start,T2.end,T3.start,T3.end,T4.start,T4.end,ID.plate
1328v1xE,5/27/18,5/30/18,5/31/18,6/4/18,6/6/18,6/8/18,1328v1xE hi1a
1322v10xF,5/25/18,5/31/18,5/31/18,6/4/18,6/6/18,6/8/18,1322v10xF hi1a
42s103xF,5/25/18,5/27/18,5/30/18,6/2/18,6/5/18,6/8/18,42s103xF hi1a
4242v103xF,5/28/18,5/31/18,5/30/18,6/4/18,6/5/18,6/8/18,4242v103xF hi1a
1328v102xA,5/25/18,5/31/18,5/31/18,6/4/18,6/5/18,6/8/18,1328v102xA hi1a
1313v1xA,5/25/18,5/31/18,5/30/18,6/4/18,6/5/18,6/8/18,1313v1xA hi1a
4242102xF,5/28/18,5/31/18,5/31/18,6/4/18,6/5/18,6/8/18,4242102xF hi1a
4228v103xE,5/25/18,5/31/18,5/30/18,6/2/18,6/6/18,6/8/18,4228v103xE hi1a
13s103xF,5/27/18,5/30/18,5/30/18,6/2/18,6/5/18,6/8/18,13s103xF hi1a
1322v10xD,5/28/18,5/30/18,5/30/18,6/2/18,6/6/18,6/8/18,1322v10xD hi1a
42s103xE,5/25/18,5/27/18,5/31/18,6/2/18,6/5/18,6/7/18,42s103xE hi1a
1313v1xAb,5/25/18,5/31/18,5/31/18,6/4/18,6/5/18,6/8/18,1313v1xAb hi1a
4242v1xF,5/25/18,5/29/18,5/30/18,6/2/18,6/5/18,6/8/18,4242v1xF hi1a
13s1xF,5/25/18,5/27/18,5/30/18,6/2/18,6/5/18,6/8/18,13s1xF hi1a
1313v10xC,5/27/18,5/29/18,5/31/18,6/4/18,6/6/18,6/8/18,1313v10xC hi1a
1328v1xC,5/25/18,5/29/18,5/30/18,6/2/18,6/5/18,6/8/18,1328v1xC hi1a
42s1xF,5/25/18,5/27/18,5/30/18,6/2/18,6/5/18,6/8/18,42s1xF hi1a
1322v1xF,5/28/18,5/30/18,5/30/18,6/4/18,6/5/18,6/8/18,1322v1xF hi1a
1328v1xA,5/25/18,5/29/18,5/30/18,6/4/18,6/5/18,6/8/18,1328v1xA hi1a
4222v103xF,5/25/18,5/29/18,5/30/18,6/2/18,6/5/18,6/8/18,4222v103xF hi1a
4242102xB,5/25/18,5/30/18,5/30/18,6/2/18,6/5/18,6/8/18,4242102xB hi1a
4228v103xA,5/26/18,5/30/18,5/30/18,6/2/18,6/5/18,6/8/18,4228v103xA hi1a
13s10xF,5/25/18,5/29/18,5/31/18,6/4/18,6/5/18,6/8/18,13s10xF hi1a
1322v10xC,5/25/18,5/28/18,5/30/18,6/4/18,6/5/18,6/8/18,1322v10xC hi1a
1328v1xE,5/27/18,5/31/18,5/31/18,6/2/18,6/5/18,6/8/18,1328v1xE hi1b
1322v10xF,5/28/18,5/31/18,5/30/18,6/4/18,6/5/18,6/8/18,1322v10xF hi1b
42s103xF,5/25/18,5/27/18,5/30/18,6/2/18,6/5/18,6/7/18,42s103xF hi1b
4242v103xF,5/28/18,5/31/18,5/31/18,6/4/18,6/6/18,6/8/18,4242v103xF hi1b
1328v102xA,5/25/18,5/31/18,5/31/18,6/4/18,6/5/18,6/8/18,1328v102xA hi1b
1313v1xA,5/25/18,5/30/18,5/30/18,6/2/18,6/6/18,6/8/18,1313v1xA hi1b
4242102xF,5/28/18,5/31/18,5/31/18,6/4/18,6/5/18,6/8/18,4242102xF hi1b
4228v103xE,5/25/18,5/30/18,5/31/18,6/2/18,6/5/18,6/6/18,4228v103xE hi1b
13s103xF,5/25/18,5/29/18,5/30/18,6/2/18,6/6/18,6/8/18,13s103xF hi1b
1322v10xD,5/28/18,5/30/18,5/30/18,6/2/18,6/5/18,6/8/18,1322v10xD hi1b
42s103xE,5/25/18,5/27/18,5/31/18,6/2/18,6/5/18,6/6/18,42s103xE hi1b
1313v1xAb,5/27/18,5/29/18,5/31/18,6/2/18,6/5/18,6/8/18,1313v1xAb hi1b
4242v1xF,5/27/18,5/30/18,5/31/18,6/4/18,6/5/18,6/8/18,4242v1xF hi1b
13s1xF,5/25/18,5/29/18,5/31/18,6/2/18,6/5/18,6/7/18,13s1xF hi1b
1313v10xC,5/27/18,5/29/18,5/31/18,6/2/18,6/6/18,6/8/18,1313v10xC hi1b
1328v1xC,5/25/18,5/29/18,5/31/18,6/2/18,6/6/18,6/8/18,1328v1xC hi1b
42s1xF,5/25/18,5/28/18,5/31/18,6/1/18,6/5/18,6/7/18,42s1xF hi1b
1322v1xF,5/25/18,5/31/18,5/31/18,6/4/18,6/5/18,6/8/18,1322v1xF hi1b
1328v1xA,5/25/18,5/29/18,5/31/18,6/2/18,6/5/18,6/8/18,1328v1xA hi1b
4222v103xF,5/28/18,5/31/18,5/31/18,6/2/18,6/5/18,6/8/18,4222v103xF hi1b
4242102xB,5/27/18,5/30/18,5/31/18,6/2/18,6/5/18,6/8/18,4242102xB hi1b
4228v103xA,5/25/18,5/29/18,5/31/18,6/2/18,6/5/18,6/7/18,4228v103xA hi1b
13s10xF,5/25/18,5/31/18,5/31/18,6/2/18,6/5/18,6/7/18,13s10xF hi1b
1322v10xC,5/25/18,5/31/18,5/31/18,6/2/18,6/5/18,6/7/18,1322v10xC hi1b
4242v102xA,5/25/18,5/31/18,5/30/18,6/4/18,6/6/18,6/8/18,4242v102xA hi2a
4228v1xF,5/29/18,5/31/18,5/30/18,6/4/18,6/5/18,6/8/18,4228v1xF hi2a
1322v103xF,5/28/18,5/31/18,5/31/18,6/4/18,6/5/18,6/8/18,1322v103xF hi2a
42s102xF,5/25/18,5/28/18,5/31/18,6/2/18,6/5/18,6/7/18,42s102xF hi2a
1313v1xA,5/28/18,5/30/18,5/31/18,6/2/18,6/5/18,6/8/18,1313v1xA hi2a
42s10xF,5/25/18,5/27/18,5/31/18,6/4/18,6/6/18,6/8/18,42s10xF hi2a
1328v1xF,5/29/18,5/31/18,5/31/18,6/4/18,6/5/18,6/8/18,1328v1xF hi2a
1313v1xD,5/25/18,5/31/18,5/31/18,6/4/18,6/5/18,6/8/18,1313v1xD hi2a
4242v103xE,5/29/18,5/31/18,5/31/18,6/4/18,6/5/18,6/7/18,4242v103xE hi2a
4228v10xF,5/28/18,5/30/18,5/30/13,6/2/18,6/5/18,6/7/18,4228v10xF hi2a
4222v102xF,5/25/18,5/31/18,5/30/18,6/4/18,6/5/18,6/7/18,4222v102xF hi2a
13s102xF,5/27/18,5/29/18,5/30/18,6/2/18,6/5/18,6/8/18,13s102xF hi2a
blank,5/25/18,5/31/18,5/30/18,6/4/18,6/5/18,6/8/18,blank hi2a
1322v10xA,5/25/18,5/29/18,5/30/18,6/4/18,6/5/18,6/8/18,1322v10xA hi2a
42421xE,5/28/18,5/30/18,5/31/18,6/4/18,6/5/18,6/8/18,42421xE hi2a
1322102xF,5/25/18,5/30/18,5/31/18,6/4/18,6/6/18,6/8/18,1322102xF hi2a
42s102xE,5/25/18,5/27/18,5/30/18,5/31/18,6/5/18,6/6/18,42s102xE hi2a
1313v102xB,5/25/18,5/31/18,5/31/18,6/4/18,6/5/18,6/8/18,1313v102xB hi2a
42s1xA,5/25/18,5/27/18,5/31/18,6/2/18,6/5/18,6/7/18,42s1xA hi2a
13s102xE,5/28/18,5/31/18,5/31/18,6/4/18,6/5/18,6/8/18,13s102xE hi2a
4228v102xE,5/28/18,5/30/18,5/31/18,6/4/18,6/5/18,6/7/18,4228v102xE hi2a
4222v1xE,5/25/18,5/31/18,5/31/18,6/4/18,6/5/18,6/8/18,4222v1xE hi2a
424210xB,5/28/18,5/31/18,5/31/18,6/2/18,6/5/18,6/7/18,424210xB hi2a
1322v103xE,5/28/18,5/30/18,5/31/18,6/4/18,6/5/18,6/7/18,1322v103xE hi2a
4242v102xA,5/25/18,5/31/18,5/31/18,6/4/18,6/5/18,6/8/18,4242v102xA hi2b
4228v1xF,5/29/18,5/31/18,5/31/18,6/4/18,6/5/18,6/8/18,4228v1xF hi2b
1322v103xF,5/29/18,5/31/18,5/31/18,6/4/18,6/5/18,6/8/18,1322v103xF hi2b
42s102xF,5/25/18,5/28/18,5/31/18,6/4/18,6/5/18,6/8/18,42s102xF hi2b
1313v1xA,5/25/18,5/31/18,5/31/18,6/4/18,6/5/18,6/8/18,1313v1xA hi2b
42s10xF,5/25/18,5/27/18,5/31/18,6/4/18,6/5/18,6/8/18,42s10xF hi2b
1328v1xF,5/27/18,5/30/18,5/31/18,6/4/18,6/5/18,6/8/18,1328v1xF hi2b
1313v1xD,5/25/18,5/31/18,5/30/18,6/4/18,6/5/18,6/8/18,1313v1xD hi2b
4242v103xE,5/25/18,5/31/18,5/30/18,6/2/18,6/5/18,6/8/18,4242v103xE hi2b
4228v10xF,5/29/18,5/31/18,5/31/18,6/4/18,6/5/18,6/8/18,4228v10xF hi2b
4222v102xF,5/25/18,5/31/18,5/30/18,6/2/18,6/5/18,6/8/18,4222v102xF hi2b
13s102xF,5/29/18,5/31/18,5/30/18,6/4/18,6/5/18,6/8/18,13s102xF hi2b
blank,5/25/18,5/31/18,5/30/18,6/4/18,6/5/18,6/8/18,blank hi2b
1322v10xA,5/25/18,5/29/18,5/30/18,6/4/18,6/5/18,6/8/18,1322v10xA hi2b
42421xE,5/28/18,5/30/18,5/30/18,6/4/18,6/5/18,6/8/18,42421xE hi2b
1322102xF,5/28/18,5/30/18,6/2/18,6/4/18,6/5/18,6/8/18,1322102xF hi2b
42s102xE,5/25/18,5/27/18,5/30/18,6/2/18,6/5/18,6/6/18,42s102xE hi2b
1313v102xB,5/25/18,5/31/18,5/30/18,6/4/18,6/5/18,6/8/18,1313v102xB hi2b
42s1xA,5/25/18,5/29/18,5/30/18,6/2/18,6/5/18,6/7/18,42s1xA hi2b
13s102xE,5/28/18,5/30/18,5/30/18,6/4/18,6/5/18,6/8/18,13s102xE hi2b
4228v102xE,5/27/18,5/30/18,5/30/18,6/4/18,6/5/18,6/7/18,4228v102xE hi2b
4222v1xE,5/25/18,5/31/18,5/30/18,6/4/18,6/5/18,6/8/18,4222v1xE hi2b
424210xB,5/28/18,5/31/18,5/31/18,6/4/18,6/5/18,6/8/28,424210xB hi2b
1322v103xE,5/28/18,5/31/18,5/31/18,6/4/18,6/6/18,6/8/18,1322v103xE hi2b
1322v102xE,5/27/18,5/29/18,5/30/18,6/4/18,6/5/18,6/7/18,1322v102xE hi3a
42s10xE,5/25/18,5/31/18,5/30/18,6/2/18,6/5/18,6/8/18,42s10xE hi3a
42s1xE,5/25/18,5/30/18,5/30/18,6/2/18,6/5/18,6/8/18,42s1xE hi3a
blank,5/25/18,5/31/18,5/30/18,6/4/18,6/5/18,6/8/18,blank hi3a
1328v1xA,5/28/18,5/31/18,5/30/18,6/2/18,6/5/18,6/8/18,1328v1xA hi3a
1313v10xD,5/25/18,5/31/18,5/30/18,6/4/18,6/5/18,6/8/18,1313v10xD hi3a
4222v10xE,5/25/18,5/31/18,5/30/18,6/4/18,6/5/18,6/8/18,4222v10xE hi3a
13103xE,5/29/18,5/31/18,5/31/18,6/4/18,6/5/18,6/7/18,13103xE hi3a
4228v10xE,5/28/18,5/30/18,5/31/18,6/4/18,6/5/18,6/8/18,4228v10xE hi3a
42s1xD,5/25/18,5/28/18,5/30/18,6/2/18,6/5/18,6/8/18,42s1xD hi3a
1322v1xA,5/28/18,5/30/18,5/31/18,6/4/18,6/5/18,6/8/18,1322v1xA hi3a
4222v102xE,5/25/18,5/31/18,5/30/18,6/4/18,6/6/18,6/8/18,4222v102xE hi3a
4242v1xD,5/28/18,5/31/18,5/30/18,6/4/18,6/5/18,6/8/18,4242v1xD hi3a
4228v1xE,5/28/18,5/31/18,5/30/18,6/2/18,6/5/18,6/8/18,4228v1xE hi3a
13s10xE,5/27/18,5/31/18,5/30/18,6/2/18,6/5/18,6/7/18,13s10xE hi3a
13s1xE,5/27/18,5/31/18,5/30/18,6/2/18,6/5/18,6/8/18,13s1xE hi3a
blank,5/25/18,5/31/18,5/30/18,6/4/18,6/5/18,6/8/18,blank hi3a
1322v103xD,5/28/18,5/31/18,5/30/18,6/2/18,6/6/18,6/8/18,1322v103xD hi3a
42s103xD,5/25/18,5/28/18,5/30/18,6/2/18,6/5/18,6/8/18,42s103xD hi3a
1322v102xD,5/28/18,5/31/18,5/30/18,6/4/18,6/5/18,6/8/18,1322v102xD hi3a
1328v1xF,5/25/18,5/31/18,5/30/18,6/2/18,6/5/18,6/7/18,1328v1xF hi3a
42s102xD,5/25/18,5/27/18,5/30/18,6/2/18,6/5/18,6/8/18,42s102xD hi3a
1322v1xD,5/28/18,5/31/18,5/30/18,6/2/18,6/5/18,6/8/18,1322v1xD hi3a
42s10xD,5/25/18,5/27/18,5/30/18,6/2/18,6/5/18,6/8/18,42s10xD hi3a
1322v102xE,5/27/18,5/29/18,5/30/18,6/4/18,6/5/18,6/8/18,1322v102xE hi3b
42s10xE,5/25/18,5/27/18,5/30/18,6/2/18,6/5/18,6/8/18,42s10xE hi3b
42s1xE,5/25/18,5/27/18,5/31/18,6/4/18,6/5/18,6/8/18,42s1xE hi3b
blank,5/25/18,5/31/18,5/30/18,6/4/18,6/5/18,6/8/18,blank hi3b
1328v1xA,5/27/18,5/31/18,5/30/18,6/2/18,6/5/18,6/8/18,1328v1xA hi3b
1313v10xD,5/25/18,5/31/18,5/30/18,6/4/18,6/5/18,6/8/18,1313v10xD hi3b
4222v10xE,5/25/18,5/29/18,5/30/18,6/2/18,6/5/18,6/8/18,4222v10xE hi3b
13103xE,5/25/18,5/31/18,5/31/18,6/4/18,6/5/18,6/8/18,13103xE hi3b
4228v10xE,5/25/18,5/31/18,5/31/18,6/2/18,6/5/18,6/7/18,4228v10xE hi3b
42s1xD,5/25/18,5/28/18,5/30/18,6/4/18,6/5/18,6/7/18,42s1xD hi3b
1322v1xA,5/28/18,5/30/18,5/30/18,6/4/18,6/5/18,6/7/18,1322v1xA hi3b
4222v102xE,5/28/18,5/30/18,5/31/18,6/4/18,6/5/18,6/7/18,4222v102xE hi3b
4242v1xD,5/25/18,5/30/18,5/30/18,6/4/18,6/5/18,6/8/18,4242v1xD hi3b
4228v1xE,5/25/18,5/27/18,5/30/18,6/2/18,6/5/18,6/7/18,4228v1xE hi3b
13s10xE,5/25/18,5/30/18,5/30/18,6/2/18,6/6/18,6/8/18,13s10xE hi3b
13s1xE,5/25/18,5/30/18,5/30/18,6/2/18,6/6/18,6/8/18,13s1xE hi3b
blank,5/25/18,5/31/18,5/30/18,6/4/18,6/5/18,6/8/18,blank hi3b
1322v103xD,5/25/18,5/30/18,5/30/18,6/2/18,6/6/18,6/7/18,1322v103xD hi3b
42s103xD,5/25/18,5/29/18,5/30/18,5/31/18,6/6/18,6/8/18,42s103xD hi3b
1322v102xD,5/27/18,5/29/18,5/31/18,6/4/18,6/6/18,6/8/18,1322v102xD hi3b
1328v1xF,5/27/18,5/30/18,5/30/18,6/2/18,6/6/18,6/8/18,1328v1xF hi3b
42s102xD,5/28/18,5/30/18,5/30/18,6/2/18,6/5/18,6/7/18,42s102xD hi3b
1322v1xD,5/27/18,5/30/18,5/30/18,6/2/18,6/6/18,6/8/18,1322v1xD hi3b
42s10xD,5/25/18,5/30/18,5/31/18,6/4/18,6/5/18,6/8/18,42s10xD hi3b
4228v102xD,5/28/18,5/30/18,5/30/18,6/4/18,6/6/18,6/8/18,4228v102xD hi4a
13s1xD,5/28/18,5/30/18,5/31/18,6/4/18,6/6/18,6/8/18,13s1xD hi4a
42s102xC,5/25/18,5/28/18,5/31/18,6/4/18,6/5/18,6/8/18,42s102xC hi4a
blank,5/25/18,5/30/18,5/30/18,6/4/18,6/5/18,6/8/18,blank hi4a
4222v10xD,5/25/18,5/30/18,5/30/18,6/4/18,6/5/18,6/8/18,4222v10xD hi4a
4242v103xC,5/28/18,5/30/18,5/31/18,6/4/18,6/5/18,6/8/18,4242v103xC hi4a
4242v1xC,5/25/18,5/29/18,5/30/18,6/2/18,6/5/18,6/8/18,4242v1xC hi4a
4228v10xC,5/25/18,5/29/18,5/30/18,6/2/18,6/5/18,6/6/18,4228v10xC hi4a
4228v1xD,5/28/18,5/30/18,5/31/18,6/2/18,6/5/18,6/8/18,4228v1xD hi4a
13131xD,5/25/18,5/31/18,5/30/18,6/4/18,6/7/18,6/8/18,13131xD hi4a
1322v103xC,5/25/18,5/31/18,5/30/18,6/2/18,6/5/18,6/8/18,1322v103xC hi4a
42s103xC,5/25/18,5/28/18,5/30/18,5/31/18,6/5/18,6/8/18,42s103xC hi4a
4222v103xD,5/25/18,5/30/18,5/31/18,6/4/18,6/5/18,6/8/18,4222v103xD hi4a
13s103xD,5/27/18,5/29/18,5/31/18,6/2/18,6/5/18,6/7/18,13s103xD hi4a
1313v102xA,5/25/18,5/30/18,5/30/18,6/4/18,6/5/18,6/8/18,1313v102xA hi4a
1322v10xB,5/27/18,5/30/18,5/30/18,6/4/18,6/5/18,6/8/18,1322v10xB hi4a
42s103xB,5/25/18,5/30/18,5/30/18,6/4/18,6/5/18,6/8/18,42s103xB hi4a
4228v10xCb,5/25/18,5/31/18,5/30/18,6/2/18,6/5/18,6/7/18,4228v10xCb hi4a
13s102xD,5/27/18,5/31/18,5/30/18,6/2/18,6/5/18,6/8/18,13s102xD hi4a
13s10xD,5/27/18,5/31/18,5/30/18,6/2/18,6/5/18,6/7/18,13s10xD hi4a
42s1xC,5/25/18,5/28/18,5/30/18,6/2/18,6/5/18,6/7/18,42s1xC hi4a
1322v102xC,5/25/18,5/31/18,5/31/18,6/4/18,6/5/18,6/7/18,1322v102xC hi4a
4228v1xC,5/28/18,5/30/18,5/30/18,6/2/18,6/5/18,6/7/18,4228v1xC hi4a
13s1xC,5/25/18,5/29/18,5/30/18,6/2/18,6/5/18,6/7/18,13s1xC hi4a
4228v102xD,5/25/18,5/31/18,5/31/18,6/4/18,6/5/18,6/8/18,4228v102xD hi4b
13s1xD,5/28/18,5/30/18,5/31/18,6/4/18,6/5/18,6/7/18,13s1xD hi4b
42s102xC,5/25/18,5/27/18,5/30/18,6/2/18,6/5/18,6/8/18,42s102xC hi4b
blank,5/25/18,5/30/18,5/30/18,6/4/18,6/5/18,6/8/18,blank hi4b
4222v10xD,5/25/18,5/31/18,5/30/18,6/4/18,6/5/18,6/8/18,4222v10xD hi4b
4242v103xC,5/28/18,5/30/18,5/31/18,6/4/18,6/5/18,6/8/18,4242v103xC hi4b
4242v1xC,5/25/18,5/30/18,5/30/18,6/2/18,6/5/18,6/8/18,4242v1xC hi4b
4228v10xC,5/25/18,5/28/18,5/30/18,6/2/18,6/5/18,6/7/18,4228v10xC hi4b
4228v1xD,5/27/18,5/29/18,5/30/18,6/2/18,6/6/18,6/8/18,4228v1xD hi4b
13131xD,5/25/18,5/31/18,5/30/18,6/4/18,6/6/18,6/8/18,13131xD hi4b
1322v103xC,5/27/18,5/30/18,5/30/18,6/2/18,6/6/18,6/8/18,1322v103xC hi4b
42s103xC,5/25/18,5/27/18,5/30/18,5/31/18,6/6/18,6/8/18,42s103xC hi4b
4222v103xD,5/25/18,5/31/18,5/30/18,6/2/18,6/5/18,6/7/18,4222v103xD hi4b
13s103xD,5/25/18,5/30/18,5/31/18,6/2/18,6/5/18,6/8/18,13s103xD hi4b
1313v102xA,5/25/18,5/31/18,5/30/18,6/4/18,6/6/18,6/8/18,1313v102xA hi4b
1322v10xB,5/28/18,5/31/18,5/31/18,6/4/18,6/6/18,6/8/18,1322v10xB hi4b
42s103xB,5/25/18,5/31/18,5/31/18,6/4/18,6/5/18,6/8/18,42s103xB hi4b
4228v10xCb,5/25/18,5/31/18,5/30/18,6/2/18,6/5/18,6/8/18,4228v10xCb hi4b
13s102xD,5/25/18,5/29/18,5/31/18,6/2/18,6/6/18,6/8/18,13s102xD hi4b
13s10xD,5/28/18,5/30/18,5/31/18,6/4/18,6/6/18,6/8/18,13s10xD hi4b
42s1xC,5/25/18,5/27/18,5/31/18,6/2/18,6/6/18,6/8/18,42s1xC hi4b
1322v102xC,5/28/18,5/31/18,5/31/18,6/4/18,6/5/18,6/8/18,1322v102xC hi4b
4228v1xC,5/27/18,5/29/18,5/30/18,6/2/18,6/5/18,6/8/18,4228v1xC hi4b
13s1xC,5/25/18,5/28/18,5/30/18,6/2/18,6/5/18,6/8/18,13s1xC hi4b
1322v103xB,5/25/18,5/29/18,5/30/18,6/2/18,6/5/18,6/7/18,1322v103xB hi5a
1313v102xB,5/25/18,5/29/18,5/31/18,6/4/18,6/5/18,6/8/18,1313v102xB hi5a
4242v1xB,5/25/18,5/29/18,5/30/18,6/2/18,6/6/18,6/8/18,4242v1xB hi5a
4222v103xC,5/25/18,5/31/18,5/30/18,6/4/18,6/5/18,6/8/18,4222v103xC hi5a
1313v102xA,5/25/18,5/31/18,5/30/18,6/2/18,6/5/18,6/8/18,1313v102xA hi5a
4222v102xC,5/25/18,5/31/18,5/30/18,6/2/18,6/6/18,6/8/18,4222v102xC hi5a
4222v10xC,5/25/18,5/28/18,5/30/18,6/2/18,6/6/18,6/8/18,4222v10xC hi5a
4242v1xA,5/25/18,5/27/18,5/30/18,6/2/18,6/5/18,6/7/18,4242v1xA hi5a
1328v103xC,5/25/18,5/31/18,5/30/18,6/4/18,6/5/18,6/8/18,1328v103xC hi5a
blank,5/25/18,5/31/18,5/30/18,6/4/18,6/5/18,6/8/18,blank hi5a
1322v103xA,5/25/18,5/31/18,5/30/18,6/2/18,6/5/18,6/8/18,1322v103xA hi5a
4242v103xB,5/25/18,5/30/18,5/30/18,6/2/18,6/5/18,6/8/18,4242v103xB hi5a
1322v1xC,5/25/18,5/31/18,5/30/18,6/2/18,6/6/18,6/8/18,1322v1xC hi5a
13s103xC,5/25/18,5/27/18,5/30/18,6/2/18,6/5/18,6/8/18,13s103xC hi5a
4222v1xB,5/25/18,5/27/18,5/30/18,6/2/18,6/5/18,6/8/18,4222v1xB hi5a
13s10xC,5/25/18,5/30/18,5/30/18,6/2/18,6/5/18,6/7/18,13s10xC hi5a
13s1xA,5/25/18,5/28/18,5/30/18,6/2/18,6/6/18,6/8/18,13s1xA hi5a
1322v102xB,5/28/18,5/30/18,5/30/18,6/2/18,6/5/18,6/8/18,1322v102xB hi5a
4228v102xB,5/27/18,5/29/18,5/30/18,6/2/18,6/5/18,6/8/18,4228v102xB hi5a
13s103xCb,5/25/18,5/29/18,5/30/18,6/2/18,6/5/18,6/8/18,13s103xCb hi5a
42s1xB,5/25/18,5/27/18,5/30/18,5/31/18,6/5/18,6/7/18,42s1xB hi5a
1322v1xB,5/25/18,5/30/18,5/30/18,6/2/18,6/5/18,6/8/18,1322v1xB hi5a
13s103xB,5/28/18,5/30/18,5/31/18,6/2/18,6/5/18,6/8/18,13s103xB hi5a
4228v10xB,5/27/18,5/29/18,5/30/18,6/2/18,6/5/18,6/7/18,4228v10xB hi5a
1322v103xB,5/27/18,5/30/18,5/30/18,6/2/18,6/5/18,6/8/18,1322v103xB hi5b
1313v102xB,5/25/18,5/31/18,5/30/18,6/4/18,6/5/18,6/8/18,1313v102xB hi5b
4242v1xB,5/27/18,5/30/18,5/30/18,6/2/18,6/5/18,6/8/18,4242v1xB hi5b
4222v103xC,5/25/18,5/31/18,5/30/18,6/4/18,6/6/18,6/8/18,4222v103xC hi5b
1313v102xA,5/25/18,5/31/18,5/30/18,6/4/18,6/5/18,6/8/18,1313v102xA hi5b
4222v102xC,5/25/18,5/31/18,5/30/18,6/4/18,6/5/18,6/8/18,4222v102xC hi5b
4222v10xC,5/25/18,5/31/18,5/30/18,6/2/18,6/5/18,6/8/18,4222v10xC hi5b
4242v1xA,5/25/18,5/30/18,5/30/18,6/2/18,6/5/18,6/7/18,4242v1xA hi5b
1328v103xC,5/25/18,5/31/18,5/30/18,6/4/18,6/5/18,6/8/18,1328v103xC hi5b
blank,5/25/18,5/31/18,5/30/18,6/4/18,6/5/18,6/8/18,blank hi5b
1322v103xA,5/25/18,5/31/18,5/31/18,6/2/18,6/5/18,6/7/18,1322v103xA hi5b
4242v103xB,5/25/18,5/30/18,5/30/18,6/2/18,6/5/18,6/8/18,4242v103xB hi5b
1322v1xC,5/28/18,5/30/18,5/31/18,6/4/18,6/6/18,6/8/18,1322v1xC hi5b
13s103xC,5/25/18,5/31/18,5/31/18,6/4/18,6/5/18,6/8/18,13s103xC hi5b
4222v1xB,5/25/18,5/30/18,5/30/18,6/4/18,6/5/18,6/8/18,4222v1xB hi5b
13s10xC,5/27/18,5/31/18,5/30/18,6/2/18,6/5/18,6/7/18,13s10xC hi5b
13s1xA,5/25/18,5/30/18,5/30/18,6/2/18,6/5/18,6/6/18,13s1xA hi5b
1322v102xB,5/28/18,5/31/18,5/31/18,6/4/18,6/5/18,6/8/18,1322v102xB hi5b
4228v102xB,5/27/18,5/31/18,5/31/18,6/4/18,6/5/18,6/8/18,4228v102xB hi5b
13s103xCb,5/28/18,5/31/18,5/31/18,6/2/18,6/5/18,6/8/18,13s103xCb hi5b
42s1xB,5/25/18,5/31/18,5/31/18,6/2/18,6/5/18,6/8/18,42s1xB hi5b
1322v1xB,5/25/18,5/31/18,5/30/18,6/4/18,6/5/18,6/8/18,1322v1xB hi5b
13s103xB,5/28/18,5/31/18,5/30/18,6/4/18,6/5/18,6/8/18,13s103xB hi5b
4228v10xB,5/25/18,5/30/18,5/31/18,6/4/18,6/5/18,6/8/18,4228v10xB hi5b
4228v1xB,5/25/18,5/31/18,5/30/18,6/4/18,6/5/18,6/8/18,4228v1xB hi6a
1322v102xA,5/25/18,5/31/18,5/30/18,6/4/18,6/5/18,6/8/18,1322v102xA hi6a
blank,5/25/18,5/31/18,5/30/18,6/4/18,6/5/18,6/8/18,blank hi6a
42s102xA,5/25/18,5/27/18,5/30/18,5/31/18,6/5/18,6/8/18,42s102xA hi6a
4228v102xA,5/27/18,5/31/18,5/30/18,6/2/18,6/5/18,6/8/18,4228v102xA hi6a
42s10xA,5/25/18,5/28/18,5/30/18,6/2/18,6/5/18,6/8/18,42s10xA hi6a
42s102xB,5/25/18,5/27/18,5/30/18,6/2/18,6/5/18,6/8/18,42s102xB hi6a
4242v1xA,5/25/18,5/31/18,5/30/18,6/4/18,6/5/18,6/8/18,4242v1xA hi6a
42s103xA,5/25/18,5/27/18,5/30/18,6/2/18,6/5/18,6/8/18,42s103xA hi6a
1328v1xA,5/25/18,5/31/18,5/31/18,6/4/18,6/5/18,6/8/18,1328v1xA hi6a
4228v1xA,5/25/18,5/29/18,5/30/18,6/2/18,6/5/18,6/8/18,4228v1xA hi6a
42s10xB,5/27/18,5/30/18,5/30/18,5/31/18,6/5/18,6/8/18,42s10xB hi6a
4228v10xA,5/27/18,5/31/18,5/31/18,6/2/18,6/5/18,6/8/18,4228v10xA hi6a
4222v10xA,5/25/18,5/29/18,5/30/18,6/2/18,6/5/18,6/8/18,4222v10xA hi6a
42s10xC,5/25/18,5/27/18,5/30/18,6/2/18,6/5/18,6/8/18,42s10xC hi6a
4222v103xB,5/25/18,5/31/18,5/30/18,6/4/18,6/5/18,6/7/18,4222v103xB hi6a
13s102xA,5/27/18,5/30/18,5/30/18,6/2/18,6/5/18,6/8/18,13s102xA hi6a
13s10xB,5/25/18,5/29/18,5/31/18,6/4/18,6/5/18,6/8/18,13s10xB hi6a
1328v103xCb,5/25/18,5/31/18,5/30/18,6/4/18,6/5/18,6/7/18,1328v103xCb hi6a
13s102xB,5/25/18,5/31/18,5/30/18,6/4/18,6/5/18,6/7/18,13s102xB hi6a
13s10xA,5/25/18,5/30/18,5/30/18,6/2/18,6/5/18,6/7/18,13s10xA hi6a
1322v1xA,5/25/18,5/30/18,5/30/18,6/2/18,6/5/18,6/7/18,1322v1xA hi6a
13s103xA,5/25/18,5/30/18,5/30/18,6/4/18,6/5/18,6/7/18,13s103xA hi6a
blank,5/25/18,5/31/18,5/30/18,6/4/18,6/5/18,6/8/18,blank hi6a
4228v1xB,5/27/18,5/31/18,5/30/18,6/4/18,6/6/18,6/8/18,4228v1xB hi6b
1322v102xA,5/28/18,5/31/18,5/31/18,6/4/18,6/5/18,6/7/18,1322v102xA hi6b
blank,5/25/18,5/31/18,5/30/18,6/4/18,6/5/18,6/8/18,blank hi6b
42s102xA,5/25/18,5/27/18,5/30/18,6/2/18,6/5/18,6/7/18,42s102xA hi6b
4228v102xA,5/27/18,5/31/18,5/30/18,6/4/18,6/5/18,6/8/18,4228v102xA hi6b
42s10xA,5/25/18,5/30/18,5/30/18,6/2/18,6/5/18,6/7/18,42s10xA hi6b
42s102xB,5/25/18,5/27/18,5/30/18,6/2/18,6/5/18,6/8/18,42s102xB hi6b
4242v1xA,5/25/18,5/29/18,5/30/18,6/2/18,6/5/18,6/8/18,4242v1xA hi6b
42s103xA,5/25/18,5/27/18,5/30/18,6/2/18,6/5/18,6/7/18,42s103xA hi6b
1328v1xA,5/25/18,5/31/18,5/30/18,6/4/18,6/5/18,6/8/18,1328v1xA hi6b
4228v1xA,5/27/18,5/31/18,5/30/18,6/4/18,6/5/18,6/8/18,4228v1xA hi6b
42s10xB,5/25/18,5/30/18,5/31/18,6/2/18,6/5/18,6/8/18,42s10xB hi6b
4228v10xA,5/25/18,5/31/18,5/30/18,6/4/18,6/5/18,6/8/18,4228v10xA hi6b
4222v10xA,5/25/18,5/29/18,5/30/18,6/2/18,6/5/18,6/8/18,4222v10xA hi6b
42s10xC,5/25/18,5/27/18,5/30/18,6/2/18,6/5/18,6/7/18,42s10xC hi6b
4222v103xB,5/25/18,5/31/18,5/30/18,6/4/18,6/5/18,6/8/18,4222v103xB hi6b
13s102xA,5/28/18,5/31/18,5/30/18,6/2/18,6/5/18,6/8/18,13s102xA hi6b
13s10xB,5/28/18,5/31/18,5/31/18,6/4/18,6/5/18,6/8/18,13s10xB hi6b
1328v103xCb,5/27/18,5/30/18,5/31/18,6/4/18,6/5/18,6/8/18,1328v103xCb hi6b
13s102xB,5/25/18,5/31/18,5/31/18,6/4/18,6/6/18,6/8/18,13s102xB hi6b
13s10xA,5/25/18,5/30/18,5/31/18,6/4/18,6/5/18,6/8/18,13s10xA hi6b
1322v1xA,5/28/18,5/31/18,5/30/18,6/4/18,6/5/18,6/8/18,1322v1xA hi6b
13s103xA,5/28/18,5/31/18,5/30/18,6/2/18,6/5/18,6/8/18,13s103xA hi6b
blank,5/25/18,5/31/18,5/30/18,6/1/18,6/5/18,6/8/18,blank hi6b